{
  "mae": 750.5421792027482,
  "rmse": 873.9944986929551,
  "mape": 4.0143669147559224
}