{
  "mae": 483.3612120088116,
  "rmse": 493.87278700120356,
  "mape": 2.1814706836504354
}