{
  "mae": 16813.27634543027,
  "rmse": 18475.054985621024,
  "mape": 36.53430830091502
}