{
  "mae": 10422.765355552963,
  "rmse": 13193.40995240597,
  "mape": 23.62150640525109
}