{
  "mae": 1359.9987106772132,
  "rmse": 1694.1641540816784,
  "mape": 4.600347923896878
}